model_id	memory_size	epoch	trial_params	accuracy	f1_score	sensitivity	specificity	precision	roc_auc	pr_auc
LightAttention_f3a5ad66-2317-44aa-b7bc-d416756d11af	91.2265739440918	13	[[""""kernel_size"""", 11], [""""conv_dropout_rate"""", 0.18493564427131048], [""""layer_size_percentage"""", 0.2], [""""num_layers"""", 1]]	0.809527850983187	0.807588808288043	0.809527850983187	0.993886707363219	0.827318508098785	0.952905844737368	0.792858244248934
LightAttention_7fc78bd7-0c6f-4ec2-92ec-ed128316111d	47.4622611999512	16	[[""""kernel_size"""", 5], [""""conv_dropout_rate"""", 0.3099025726528951], [""""layer_size_percentage"""", 0.4], [""""num_layers"""", 2]]	0.799103273629227	0.80046818618512	0.799103273629227	0.993974146983428	0.831594201162732	0.946324049703636	0.78439993659289
LightAttention_dfff60fc-c376-46b9-8242-04e563be7853	50.5518188476562	15	[[""""kernel_size"""", 5], [""""conv_dropout_rate"""", 0.4802857225639665], [""""layer_size_percentage"""", 0.5], [""""num_layers"""", 3]]	0.773893126531582	0.77187144896294	0.773893126531582	0.992432964967329	0.804069443662094	0.943955185778248	0.748378189848496
